{
    "root_group": {
        "name": "",
        "path": "",
        "id": "d41d8cd98f00b204e9800998ecf8427e",
        "groups": {},
        "checks": {}
    },
    "metrics": {
        "http_req_duration{expected_response:true}": {
            "max": 4505.6957,
            "p(90)": 2227.9339,
            "p(95)": 2690.8324800000005,
            "avg": 920.152756573491,
            "min": 5.5108,
            "med": 423.2597
        },
        "data_sent": {
            "count": 3548112,
            "rate": 14773.263007093348
        },
        "http_req_receiving": {
            "min": 0,
            "med": 51.0358,
            "max": 2952.3715,
            "p(90)": 1436.67788,
            "p(95)": 1694.5369800000008,
            "avg": 548.839802997129
        },
        "http_req_duration": {
            "med": 423.2597,
            "max": 4505.6957,
            "p(90)": 2227.9339,
            "p(95)": 2690.8324800000005,
            "avg": 920.152756573491,
            "min": 5.5108,
            "thresholds": {
                "p(99) < 5": true
            }
        },
        "data_received": {
            "count": 942309848,
            "rate": 3923492.61203653
        },
        "http_req_connecting": {
            "p(90)": 0,
            "p(95)": 0,
            "avg": 0.0059494632798384505,
            "min": 0,
            "med": 0,
            "max": 1.9047
        },
        "http_reqs": {
            "rate": 39.17622432260913,
            "count": 9409
        },
        "http_req_failed": {
            "passes": 0,
            "fails": 9409,
            "value": 0
        },
        "http_req_sending": {
            "avg": 0.06352756934849606,
            "min": 0,
            "med": 0,
            "max": 8.3609,
            "p(90)": 0.20138000000000103,
            "p(95)": 0.5149
        },
        "http_req_waiting": {
            "avg": 371.2494260070148,
            "min": 5.2248,
            "med": 152.7796,
            "max": 4307.0364,
            "p(90)": 818.6792800000001,
            "p(95)": 991.8243400000008
        },
        "iterations": {
            "rate": 39.17622432260913,
            "count": 9409
        },
        "http_req_tls_handshaking": {
            "p(95)": 0,
            "avg": 0.05359397385481988,
            "min": 0,
            "med": 0,
            "max": 52.1529,
            "p(90)": 0
        },
        "vus": {
            "value": 2,
            "min": 2,
            "max": 100
        },
        "vus_max": {
            "min": 100,
            "max": 100,
            "value": 100
        },
        "iteration_duration": {
            "p(90)": 3228.7547400000003,
            "p(95)": 3691.4036,
            "avg": 1922.74340779041,
            "min": 1006.1371,
            "med": 1427.6373,
            "max": 5506.8977
        },
        "http_req_blocked": {
            "p(95)": 0,
            "avg": 0.06127468381337015,
            "min": 0,
            "med": 0,
            "max": 52.1529,
            "p(90)": 0
        }
    }
}