{
    "metrics": {
        "vus": {
            "value": 1,
            "min": 1,
            "max": 100
        },
        "data_received": {
            "count": 4296288754,
            "rate": 6504087.925942084
        },
        "iterations": {
            "count": 16302,
            "rate": 24.679356402660417
        },
        "http_req_receiving": {
            "max": 4668.7885,
            "p(90)": 2709.0369499999997,
            "p(95)": 3081.00375,
            "avg": 1191.804134265733,
            "min": 0,
            "med": 1165.5738000000001
        },
        "http_req_blocked": {
            "avg": 3.8256125199362043,
            "min": 0,
            "med": 0,
            "max": 2934.2789,
            "p(90)": 0,
            "p(95)": 0
        },
        "http_req_duration": {
            "p(90)": 3789.2311499999996,
            "p(95)": 4167.604689999999,
            "avg": 1921.5796708317973,
            "min": 0,
            "med": 2032.591,
            "max": 18296.1316,
            "thresholds": {
                "p(90) < 2000": true
            }
        },
        "http_req_tls_handshaking": {
            "max": 896.5963,
            "p(90)": 0,
            "p(95)": 0,
            "avg": 0.6687827383143173,
            "min": 0,
            "med": 0
        },
        "http_req_sending": {
            "avg": 0.08964437492332232,
            "min": 0,
            "med": 0,
            "max": 20.5714,
            "p(90)": 0.5096,
            "p(95)": 0.5397
        },
        "http_req_waiting": {
            "avg": 729.6858921911365,
            "min": 0,
            "med": 644.2185,
            "max": 18251.9446,
            "p(90)": 1185.59009,
            "p(95)": 1436.4208549999987
        },
        "data_sent": {
            "count": 14615450,
            "rate": 22126.113331815926
        },
        "vus_max": {
            "min": 100,
            "max": 100,
            "value": 100
        },
        "http_req_duration{expected_response:true}": {
            "avg": 1949.256618179552,
            "min": 5.5131,
            "med": 2050.05695,
            "max": 18296.1316,
            "p(90)": 3799.77332,
            "p(95)": 4176.547214999998
        },
        "http_req_failed": {
            "passes": 240,
            "fails": 16062,
            "value": 0.01472211998527788
        },
        "iteration_duration": {
            "avg": 2956.772768445571,
            "min": 1006.6988,
            "med": 3059.0998,
            "max": 19297.5255,
            "p(90)": 4798.46747,
            "p(95)": 5178.540725
        },
        "http_req_connecting": {
            "avg": 3.153596650717704,
            "min": 0,
            "med": 0,
            "max": 2052.356,
            "p(90)": 0,
            "p(95)": 0
        },
        "http_reqs": {
            "count": 16302,
            "rate": 24.679356402660417
        }
    },
    "root_group": {
        "id": "d41d8cd98f00b204e9800998ecf8427e",
        "groups": {},
        "checks": {},
        "name": "",
        "path": ""
    }
}