{
    "metrics": {
        "iterations": {
            "count": 16851,
            "rate": 36.54531809012118
        },
        "iteration_duration": {
            "avg": 18261.90021311489,
            "min": 1010.5248,
            "med": 9166.1678,
            "max": 61301.1511,
            "p(90)": 61015.1912,
            "p(95)": 61053.614050000004
        },
        "http_req_duration": {
            "p(90)": 60001.2659,
            "p(95)": 60006.7233,
            "avg": 16875.005573467643,
            "min": 0,
            "med": 8155.7923,
            "max": 60040.0473
        },
        "vus_max": {
            "value": 1400,
            "min": 1400,
            "max": 1400
        },
        "data_received": {
            "count": 2283779214,
            "rate": 4952907.116683694
        },
        "http_req_duration{expected_response:true}": {
            "p(90)": 37164.14388,
            "p(95)": 39369.542844999996,
            "avg": 10613.323301122824,
            "min": 9.963,
            "med": 3992.17235,
            "max": 59440.9618
        },
        "http_req_failed": {
            "passes": 2869,
            "fails": 13982,
            "value": 0.17025695804403299
        },
        "data_sent": {
            "count": 9128403,
            "rate": 19797.06790634481
        },
        "http_req_waiting": {
            "avg": 8232.66059854014,
            "min": 0,
            "med": 4313.5974,
            "max": 60006.2056,
            "p(90)": 21070.0478,
            "p(95)": 50879.58105
        },
        "vus": {
            "value": 2,
            "min": 2,
            "max": 1400
        },
        "http_req_tls_handshaking": {
            "p(95)": 1998.7029,
            "avg": 317.26980509761995,
            "min": 0,
            "med": 0,
            "max": 9578.4958,
            "p(90)": 0
        },
        "http_req_connecting": {
            "avg": 20.593998765651907,
            "min": 0,
            "med": 0,
            "max": 2048.8155,
            "p(90)": 0,
            "p(95)": 0.9956
        },
        "http_req_receiving": {
            "avg": 8642.193023606906,
            "min": 0,
            "med": 2255.0363,
            "max": 50308.5212,
            "p(90)": 35928.1733,
            "p(95)": 40112.56925
        },
        "http_req_blocked": {
            "p(95)": 1999.9097000000002,
            "avg": 337.8959847427454,
            "min": 0,
            "med": 0,
            "max": 11613.9148,
            "p(90)": 0
        },
        "http_reqs": {
            "count": 16851,
            "rate": 36.54531809012118
        },
        "http_req_sending": {
            "p(95)": 0.6459,
            "avg": 0.1519513203964161,
            "min": 0,
            "med": 0,
            "max": 59.3216,
            "p(90)": 0.5144
        }
    },
    "root_group": {
        "checks": {},
        "name": "",
        "path": "",
        "id": "d41d8cd98f00b204e9800998ecf8427e",
        "groups": {}
    }
}